cluster_ind	consensusSeq	avg_lev_dist	avg_dist_to_query	size
0	-----GDPACRPAVDLARKIAPLARGEVAALTMATAPLRLPDLAFEDADGKPKKLSDFRGRTVLLNLAATCCVPCRKEMPALDALQAKLGGPDFEVVAVNIDTRDPEKPKAFLKEAGLTRLGYFSDQKAKVFQDLKAIGRALGMPTSVLVDGQGCEIATIAGPAE-ASDDAIKLIKAALG------	0.724	0.688	221
1	------DPACAGAVARARRLAPLAKGELAALSLATEPRRLPPLSFADADGKPVTLADFKGKVLLVNLAATACVPCRKEMPALDHLEQALGGPDFEVVAINLDTRDPEKPKAFLKEIGVKSLAFYADPGTKSFQALRAVGRGFGLPTTLLVDRDGCEIGFLAGPAEAAGEDAQALIRAALG------	0.778	0.552	20
2	---------CAAAAATAARVAPLARGEVAALQVAPTPKPAPALAFKGPDGAPTTLADLKGRLLLVNLAATACAPCKAEMPALDRLQAELGGPDFEVVAINVDTRNLDKPPAALKENGIARLAYYADPGGRVLPALQKDTGSTGLPTTLLIDAAGCTIGVMKGPAEASSEDGLRLIRAALG------	0.749	0.461	64
3	---------CRASQATAERLKPLAKGEVAAVGVSNAPKPPPVIAFTGPEGQPMSLADFKGKTILVNLAATACVPCREEMPALDKLQAELGGPDFEVVAINVDTRNREKPKAALQENGIRNLAYYADPEGKLLQVLQKSGHVVGLPTTFVVDASGCEIALLKGPAEAASPDALAFMRAALG------	0.789	0.490	46
4	---------CEMAQATLDRLRPLAKGELAAVKVPSTPQPLPPLAFDGPDGKRLTLADFKGRTVLLNLAATACAPCRQEMPALDALQADLGGADFEVVAVNIDTRDPEKPQAALKDAGITRLAHYRDPEAKIFQELKSAGKAFGMPTTLVVGPEGCAVAELAGPAEAHSDDAVAFIRAALG------	0.934	0.530	4
5	----TG--ACKADAALAARLDELARGEVAAVQVEKRPKPIPALAFKDQDGKAVTMADFAGRTVLVNLAATACVPCRKEMPALDQLQAKLGGDDFQVVAINIDTRNLDKPKAALTENGIHKLGYYADPEAKVFQALKEAGKAFGMPTTVVVDRNGCMLASLAGPAEAASDDAVALIKAAMA------	0.937	0.565	4
6	-----GKPACPGAAERAARLKPLVHGEIAALSLATQPKPLPELSFDTPDGTKASLADFKGRTVLLNLAATACVPCRQEMPALDRLQGKLGSKDFTVVAVNIDTAKLDRPKAFLNEIGVKNLKFYADNTAAVFQTLKQAGKVLGLPTTILIGKDGCEIGTMAGPAQADSPDALALLDA---------	0.783	0.497	12
7	-----GN-SCSAARATAARMAPLAKGEVAAVEVRARPQPAPDLAFNGPDGQPTTLSAFKGKTLLVNLAATACAPCLKEMPALDALQKALGGPDFAVVAINIDTRNLDKPKAALAENKITALPYYADPQAKVFQDLRAARKVEGMPVSLIVDKAGCELAILQGPADAASADAKALIGAAIG------	0.789	0.525	30
8	---------CKAAAAKAAALAPLAKGEIAALQVPDRPAPVVPLSFFNAKGEAVTLAAFRGRTILLNLAATACVPCRKEMPALDALQAELGSKDFEVVAVNIDTRNLEKPKQFLEEIKVRALAYYADPSAKIFQDLKAAGRAFGMPTTLLIDAEGCELAYLAGPAEAASPEALAFVREAL-------	0.846	0.532	4
9	------DAACRAASETARRIADLAKGELAAFAPTLKPTRIPDLAFLDPDGKPTRLSQVGGDLKLVNIAATACVPCRKEMPALDELQATLGGPGFEVVAINIDTRDPAKPKTFMDETGIKNLALYTDPKAQAFQDLRAVGRGFGLPTTMLIDAKGCEIGHIAGPAEAASPDALALIRAALAEAAA--	0.806	0.548	17
10	--------SCSAALAAAAAAKPFATGEVAAFLPASQPLDLDDLTFKGPDGEPVTMADFKGKTVLLNLAATACAPCRKEMPALDELQADMGGEDFEVVAVNLDRGGPEKPKAFLEEIGVSHLTYYQDSSNGLLKDLRKVARATGLPTTILVSPEGCEIGTMYGPAEAASGEAKALIRAAM-K-----	0.769	0.493	31
11	---------CPAAAATTARLDPLIRGEVAALSLAQ-PARAPEIAFRTPDGQPTSLAAFKGKALLVNLAATACVPCRKEMPALDALQREQGGGDFQVVAVNVDTARLDRPAEFLKQNGIADLALYADPSADVLQALKRQGGLLGLPTTLLIDRNGCELGRMAGPAEAASPDGQAVIRALKG------	0.916	0.495	4
12	--------------AAAGPLAGLNKGAMAAFLARPKPLDLPDFSFVDADGATKSLADFRGKVVLLNIAATACVPCREEMPALDKLEAELGGKDFEVVAVNIDKGGGDKPKAFLAETGATHLALYTDPSGKLFSTL----KAVGMPTTLLIDREGREIGRLVGPADAASPEALALIEAAIAAPPA--	0.797	0.443	12
13	-----GDDACAASPETLAAIKAAAVGEVAAVVTPSAPRPLPALSFKDAAGADVGLDQFRGKVVLLNLAATACAPCRKEMPALDALEAEKGGADFAVVPVSLDFGSADKPKAFLKEIGAQKLPLFADPSGKVLPALKAVGRGTGLPTTLILDRAGCEIGYLPGPAEAASEDAKKLIDAALGK-----	0.799	0.472	8
14	---------CTAAAQLAEAVAPKATGEVAAFLPASKPLSLADLAFKDDTGADLTLGDFAGRTVLLNLAATACAPCRKEMPALDALQAELGSDDFEVVTVSVDQGSDEKPKAFLKDIGVSRLAFYADPTMKIFQDARSRGRAPGLPSTMLIDRNGCEIGTLMGPAEAASEDAKALIRAAL-E-----	0.813	0.490	10
15	---------C-A----A-AL-PFAKGQVAAMLAADPPRSLKGLAFNGPDGKPMTLADFAGKTVLLNLAATACVPCREEMPALNALQKEMGSDDFEVVAVNIDTGDDEKPKAFLSETGVDALGYYRDSSMGVFNDLKKEGLAFGLPVTLLIDGKGCLIAAMNGPAA-DSEDAKALIEAALG------	0.698	0.461	288
16	---------CAAAAKIAAAVKDLAKGEVAAMNIAKKPEKLPDYAFNGPDGKPVSLSAFKGKTVLFNIAATACVPCRAEMPELDKLQAEFGSDKFQVVAVNIDTSRLERPKKFFEETGVKALTLYADPKANIFFEMKQSGKALGLPVTILIDPDGCQIGLMNGPAAAHSADAKALISKAL-EAA---	0.784	0.483	14
17	---------CAPAVEAAGLLAPFAKGEVAAFQIATEPASLSDLAFQKADGDKASIADFAGKTVLLNLAATACAPCRQEMPALDRLDAAEEGADFAVVAVSIDTQDPAKPKAFLDEIGVKALAFYADPTTGIFSGLKSKAMAVGLPTTVLIDGKGCALGVMSGPAEADSEDAKALIKAALADA----	0.832	0.478	5
18	-----GNSACPAAQATAQRLKPLAIGEVAALGILDDPAPAPNLVFFADGGAPRKLADFKGKTVLVNLAATACIPCRQEMPALDKLEGALGSDKFEVVPINIDQRNPDKPRAFLQEVGVKHLAYFYDQSVNVFQDLKASTKVEGLPVSVLVGADGCALGVINGAADAGSADAAALIKAAL-------	0.855	0.495	4
19	-------------------PEEAATALVSRLVLHDQPSPVPAFGFTDAAGAPLSLDSFKGRTVLLNIAATACAPCRKEMPSLDRLQAEMGGPDFQVVALSIDRGGLDPVRAFFGEVGLAHLGIYLDPPSASTQAL----NVVGIPTTLLIDGEGREVGRATGPAEADSPEMKALIRQGMGRSAAGL	0.871	0.369	4
20	---P-GK--CPADSAKAARLAPLAKGEIAALAVASEPRPAEQLAFERPDGGKLTLADFKGRAVLLNLAATACVPCRAEMPALDRLQAAAGGPGFEVVAVNVDTARLERRAAFLDGVGVKSLARYADPSGDAFETLRKDGKALGLPVTLLIDKDGCEIGAVAGGAKADSADAQALVEALKG------	0.765	0.449	16
21	----GGNPDAPAMSEAAAALDAAAIGEVANFTAKPVPAPAPDVSFRDADGEELSLADFRGKLVLLNLAATACAPCREEMPELDALQAELGGERFEVVALSVDSAGQELVRDFLAEVGAEHLALYHDPSAKANFTL----GAFGLPTTILISPEGEEIGRMAGPAPAASEDAKALIAEAL-------	0.795	0.423	6
22	---------CAASRETSQRVSALAKGEVAAMAIASEPEPMPEVTFTGPDGQPRKLEDFKGKTVLLNLAATACVPCRGEMAALDRLQAAAGSDKFEVVTINVDTSRLERPKAFLGEIGAKSLAYYADPKAEIFFQLRQTGQALGLPTTFLIDGSGCQIGLMQGPANADSEEGRSLVTAELSSRP-P-	0.895	0.456	6
23	---------CAAAPAAAARLAPLATGDLAGLAFASAPRDLSGLTFAGADGAKTTLADAKGRVVLLNLAATACPPCRAEMPSLDRLQAGLGSKDFEVVTVNLDTRDPERPKSFLAEIGVAALTHRTDATMGIFKALQKLGLARGLPTTILVDRSGCEVATLAGPAHADGTAAKALLAAALKP-----	0.900	0.459	4
24	---------CESAVETAEKLKPLAAGEVAAFIPAEEPRPMQNLAFRNSDGET-SLSAFKGKTVLMNLAATACIPCREEMPALDELEAEMGGDDFEVVAVNIDTGSDEKPKRFLDEIGISSLAFYRDETMGTFNTLKKDGLAFGLPSTVLIDENGCLLGSMNGPAEAASDDAKALVGAALG------	0.834	0.472	9
94	---PT-PP--EAALPAALPAGPLSVGQMAAFVFKKAPEDLPEAPFVDADGKERTLADAKGKVVLLNLAATACAPCRKEMPGLDRLQAKLGSGKFEVVAVSADRTGIDGAKKFLEQIKARNLAVLADPNARIASGL----KAIGLPATLLIDADGREIGRLVGPAEADTPEAIALIRAAIA------	0.796	0.414	5
25	------------------P--G---GAMAAFVVRPKPLDLPDFAFEGPGGAKQSSADLKGKVVLLNIAATACVPCREEMPQLNALQAELGGDAFEVVAINIDKGGAEKAKKFLEETGATDLALYYDPSGKLFATLKAV----GMPTTLLLDPEGKEMGRLVGPADAAAPEAKALIEAAIG---A--	0.809	0.411	7
26	-----------------------A--PP-NFAVHDTPAPVPEISFTDGAGQPKTLADFRGKVVLLNIAATCCAPCRKEMPTLDRLQAKLGGPDFEVVALSMDRGGPDAVKKFYAEIGIQHLALNIDTSAKAMFAL----GAVGLPTTLLIDRQGKEIGRLIGPAE-DAPDMVAFIRS---------	0.760	0.360	84
35	-------------------A----P-----LVPADSPRPVPDIRFVDADGRPAALSDFRGKAVLLNVAATACAPCRKEMPALDRLQAALGGAEFEVVALSIDRGGAAAVEAFYDEIGIRALAAYVDPTGAASGAL--V----GIPTTLLIDREGRERARKIGPAEADSPEIVEAIRAHL-------	0.767	0.360	5
27	--------RCNLAQDEADALKPLAKGEIAAMAIQDPVRDMPSLQFKAADGHDVELDDFAGKALLVNFAATACAPCRAEMPALAELQEKLGSENFMVLPINIDTGELDKPKAFLDEIGVSNLGLYHDETMGVFNKLKKEGLAYGLPATMLVDDEGCLIGVMNGPAE-AGGDGTKLIEEVI-------	0.858	0.438	5
28	--------RCAAAAAKAAALKPFATGDLAALLPADAPADFSDLVLRAPDGGERRLAEFAGQTLVLNMAATACVPCRTEMPHLQALQEKRGGPDFSVVALNVDVGGPDKPARFLADIGATSLVDLRDPEMRAFNELKSKGLVLGLPTTFVVDRNGCALASLAGPAEADSPAALALIEAA-K------	0.890	0.424	7
29	--------------PAAGGAKDLATGTLAAFLIHAEPKPLADAAFQDGEGKPLKLSDAKGRVALVNLAATACAPCRKEMPDLAKLQKELGSADFEVVAISVDRKGAEASAAFLKETGADLLKLYVEPSTAILNDLQAA----GLPATILIDREGREIGRLLGPADAASPEAIALIKAALAEA----	0.815	0.412	4
30	------------STAFSQNLKDLAVGEMKNIVISSNPEPIKDFSFVDAEGKTHNISDFQGKTILLNFAATACAPCKKEMPSIDRLQGEMGSDDFEVLAIGHDLQGIEKVKKFLKALKIKHLAAYNDKTVKS----GRAAGVFGLPATLIIDKEGEEVARLVGPAEADSEEAKELIRAVMA------	0.816	0.372	5
31	----------------A----P-KLGKMAAFVTKKTPEPLPDITFQDAAGKDVTLSSFKGKTILLNLAATACAPCREEMPALDRLQKELGSDKFEVVALSLDRKGYEASRKFLDELKANNVKLYADPTAKQGMAL----KLLGMPTTILINKDGLEVGRLAGSAEADSDDAKKLIEAA--------	0.801	0.408	13
32	-----------APAAS---LKPYAVGAVQNFVAAREPLPLEAIEFVDGDGNPLTLADFKGRVVLLNLAATACAPCREEMPALDALQAEVGSDDFLVLALSLDRGGIEKPRDFLEEIEIKHLALYHDKTGRMGTRL----GAFGLPTTLLIGRDGKSLGRLVGPAHADDPDAVALVRAAVGEEAAA-	0.875	0.387	4
33	-------------------------GDMAAFVFKSEPEPLGDVKFKDGTGKELTLADFKGKVVLLNLAATACAPCRKEMPALDRLQQELGSDRFEVVALSVDRAGAEKAQKFLDEIGVKSLKLYVDPTTRAGSALKAV----GLPTTILIDADGREIGRLTGPAEADSAEAKRLIQAVLG------	0.794	0.377	8
34	-------PAAQAPAPAAPGSNPLSQGQMAAFVFRKAPEDLPEVKFLDAAGKERTLADFRGKVVLLNLAATACLPCRKEMPALDRLQRELGSDQFEVVAVSVDRTGLAGARKFLDETKVEKLALYADPTARMASTL----RAAGLPATLLIDREGREIGRLLGPAE-DGEDAKRLIR----------	0.783	0.399	14
36	---------CEASRAVAARVAPLAKGEFAALAVRADPKPMPELAFNAPQG-PATLASFKGKTILLNAAATACVPCREEMPALDRLQG--GAEGVTVVALNVDTAKKERAKAFFGEIGAKNLGFYQDDDGKSFEALRRAGKVLGLPTTFVIGPDGCEIAALAGPAKADGAEAAALVKALAASP----	0.884	0.417	5
37	-----GDKAAAPAPAAKSELARFATGSIARLETPAALEDAPAYVFKTREGADARLSDFRGKVVVVNLAAMACAPCRTEMPTLAALAEAYEGKDLVVLPINVDPDAAADARSFIDVHDP--LPMYSDPKFQLPFELPGKGK---MPQTVLLDRQGRIRAAFSGEADAASPEARALIDALLAEPA---	0.860	0.353	4
38	------------------------DGGLAKL-R-TDPTPVPATEFTDPEGGTHSLADYKGKVVLLNFAATACAPCREEMPSLDALQAEMGGEDFQVVAIAAGHNPPPAIDKFLDETGVTNLPVLLDP----RQQLAREMGVMGMPVTVLIDRDGNEIARLIGGADASSDAAKALIRQATAP-----	0.816	0.352	28
39	---------CAAAAALSGPLDAAATGTVAGFKPLAEPVDLSALSFRDGDGKEVTIADFEGRTVLLNLAATACPPCRAEMPSLDALEAKLGGEDFQVVAVSVDTQDDGRAEAFYAETGLANLAFFIEPTMTMFSALKDEGLAHGMPTTMLIDGEGCAAGILSGPAEADAPEAVRLVRTAL-------	0.867	0.410	4
40	---------------AAQTIDDAARGELAALMPSTQGRDYSDLAFQDADGNPITLADFAGKKLLVNFAATACAPCREEMPFLDALEARYGGDDFEVVAISLDSDGPTAAALFLDEIGADNLALFADPSYKLFERLRNEAVTLGLPATVLVDEEGCELAVLQGPAHADSPDGHRVIETLL-------	0.821	0.405	15
41	---------CPAAL--AQRLAPLAKGEMAAFAFAAAPRFAPDLAFEGPDGKPTSLSAKKGKALLVNLAATACPPCRKEMPSLDALQKELGSDRFEVMAISLDTRNLERRKAFLDEIGATHLAFYAEPQGRILPIMKAASGVLGLPTTLLVDADGCQLGLLQGEAKAASDEAKALIKAATG------	0.851	0.464	4
42	------------AVALALATAVSETNRQLPFQLHSAPLKLPQLSFEDGAGHRRTLADFRGRYVLLNVAATACVPCREEMPALARLQQKLGGPRFEVIALSVDSGGVEAVKRFFAEHRVDSLAVYTDRSLQVNSAL----RVVGIPTTVLVDREGREIARHVGPAQADSAQTVEELRRVIA------	0.796	0.396	17
43	---------------------PLG-GTVASFVLADRPEPAPEITFSDAAGNTLRLADFKGKVVLVNLAATACAPCVKEMPALDRLQAKLGGADFTVLALSIDREGLAKVQPFFAANKIAALPAYLDPGGRS----PAAFGARGLPTTLLIDRDGTVVGRQEGAAEADDDSSVALLR----------	0.939	0.358	4
44	-----------------------------RFMR-STPRDLPAFSFQDEAGKTLSLADFRGRVVLLNIAATACPPCREEMPSLDRLNAKRGGPDFEVVALSID-RDTALVKPFYEEFGIQTLRGYFDPTSQVSNILRA----PGVPTTLLIDQEGREIGRAMGPAAADSAQVEALIDAAL-R-----	0.831	0.366	9
45	---------------------PLATGAMTTFVFKPQPEALPDIRFLNGDGAEVSLASFKGKVVLLNVAATACAPCREEMPALDKLQAALGSDKFQVVALAVDKSGIDGARKFLADIKTEKLEPFADPTAKEGTGL----KVIGMPTTILIDAEGREIGRLIGPAHADSPEAKRLIEAQL-------	0.822	0.359	7
58	---------C-ADPAMLARLKPLARGEVAAMAVREEPVALPELAFVSADGDELTLADFSGQALLVNLAATACAPCRAEMPALAELQSELGDDDFKVLAINIDTGDVAKPKAFLDEIGVSNLGLYRDASMGVFNTLKKEGLAFGLPVTLMIGKDGCLLGAMNGPAEAASDDAKALVAAL--------	0.822	0.446	13
46	-------------------------G-AAAAEA--AP-PLPEIRFQDADGAPRSLADFRGRVVLLNLAATACVPCRKEMPSLDRLQAQLGGPAFEVVALSID-RSPQAVREFYREYGIRKLALYIDPSAEVTSTL----GAVGIPTTLLVDRDGRERARRVGPAEADAPAEVAEIREHV-EPAA--	0.766	0.387	7
47	-------------------LDSYAHGEMRAFTSIDAP-P-PDVVYVDASGNEVRLSDYRGQVILVNFAATACGPCVEEMPALDRLQAELGGDDFQVVTVSLD-RSIDDARAFFERMELDNLPIIHDTNLASFSRI----QTPGLPTSILYDRQGREIGRVTAPAEADSEDAMALIRAAI-------	0.826	0.373	10
48	------------------------------FVLHETPQPVPELSFVDGEGREMSLADFRGRTILLNIAATACVPCREEMPALDRLQAKLGGPDFEVVPLSIDRDGLPKVKAFYQELGLKALGIYVDASGKAAAKL----GAVGIPTTLLINPEGLEAGRLVGPAEADGPELVNIIQQQLGKAA---	0.803	0.357	6
49	---------CPASKARIEAIDPLIKGPIAALQTSGHPVDMSGLAFKREDGSAVSLADFKGKTVLLNLAATACAPCRHEMPDLDALQAALGGDDFEVVTVSLDRKAPGKARAFFDEIGIEHLTLYYDEKMALFPALRSKGMAFGMPSTLIIDKDGCSLAHMAGPAAAASDEAKELIKA---------	0.818	0.405	7
50	-----------------------AVGELAALNGTGEGRGYADMAFKDAAGKDMTIADFKGKALLVNFAASACVPCREEMPALDALATKYNSDRFMVLPINLDAGGLEKAQAFLDEGQFANLPLYADNTFAAFERLKREAVAVGLPATLLLDENGCELAVLQGPAEADSPDGEAVVEALIG------	0.803	0.382	48
51	-----------------------ARGEVAAVRPLDTPFDVSAIAFKDGDGQPTSLADFSGKTLLVNLAATACVPCRAEMPALDALEREEGGEDFAVVPINVDLGDDAKPKAFYAETGLTALPFYRDETMGVFNDLKSQGVAFGLPVSLLVDPDGCARAAINGPAEAASPDALRLIDAVK-------	0.758	0.443	43
52	-----GLPRSGA--AAIPNASPLYI--------ITTPKPLPAFKFSDASGHPLTLADFHGKFLLLNIAATACIPCRKEMPTLDRLQARLGGPHFEVVPVSIDSGGLEAVRKFYAEIKIEHLGIFLDPSGNAMQVL----NLEGIPTSFLIDPNGRQIGRETGAVVADSPSVIRFL-----------	0.923	0.371	5
53	-------------------------GEMITFVAAAAPKDLPEIEFIAADGAELSLADARGKVVLLNLAATACAPCRKEMPMLDELKAELGGDQFDLVAVSIDRGGLEKPRKFLKEIGVKHLKLYNNSSGKLAPSL----KVFGMPTTLLINRQGKEIGRLVGPAEADSKEALALIKAAIAD-----	0.817	0.389	4
54	---------CAAAIEAGKALKPLLTGEIAAMANRTEANDLSALAFNDGDGNPITLADTGGKPRLVNLAATACAPCREEMPALDRLQAEKGGEDFEVVAISVDGGSDEKPRAFFDEIGVEHLGFYHDPTIGAFNTMKKEGLAFGLPVTVLVDENNCVIANMNGPAEAASEDAYRLIDA---------	0.838	0.433	14
55	-------------------------GAMANFAVFGSP-EHPDVQFVDGEGQSRSFDDAKGKVVLVNLAATACGPCRHEMPALDRLQAELGGEDFEVLAVSLDRSGLDLPRAFYAENNIEHLGLYNDASARTGVAL----GVFGMPTTVLLDREGRLIGRLVGPAEADAPDAVALMKAAIDE-----	0.844	0.361	6
56	----------------------LRDGDMKKLVFHSAPKPVSDAAFEDFDGGPGTLADYRGKYVLVNFAATACAPCRKEMPMLSALQKEFGGDDFEVVTIATGRNPPPAIKKFFEEIGVDNLPLHRDPK----QALA--MGVLGLPITVILDPEGREIARLRGDADLSSDSAKAIIAALI-------	0.721	0.360	68
57	----------------------LAKGAMERFKLAKTPKPLPDLEFQDADDKPLRLADFRGKVLLLNFAATACAPCVKEMPSLDRLQAALPKDKFLILPLSIDGPTKPKVAPFYKDQKLANLGIYFDKGRKAMQGL----DVTLLPTSILVDPAGRELGRIEGDADADMPEGIALMKAAIA------	0.803	0.374	16
59	------DPACSSSMNTAKNLKGLTTGEVAAFLPAEKPLNLSELKFHDADGNLVKMADLKGK--LLNLAATACAPCRKEMPHLDKLQREAGGEDFNVIAVNMDRENNPKPLEFLEEIGVKDLAYFSDHTMATFNDLRSKGKAPGLPSTIMIGEDGCEIGTMFGPADAASPEAFTLINAALA------	0.888	0.431	6
60	----------------------------AGFARAAEPKPLPELRFVDGEGRPHTLADFRGKVVLLNLAATACAPCREEMPALDRLQAKLGGERFQVVALSVDQQGLQIARDFYREVGIKALPLYIDESAKAAFTL----GAFGLPATLLLDREGREIGRHLGAAKADSPEVIARLRRVI-------	0.750	0.344	15
61	----------------------------------SPPKPVPPLNFTDAEGKPYDLGAFAGQMLLVNLAATACAPCVKEMPALDRAQEALKAEGVTVLPLSSDRGGKAQVEPFYQRTGLKHLGIALDPRGAAARAL----GARGLPTSLIIDREGREVARLEGEAEADSPAMLAALRAL-G------	0.829	0.327	8
62	---------------TPISIADIQTKKIFNAKKSSVGYFAPSFKLRNIKGNYESLESYRGEVVVLNFAATACAPCRIEMPSFEKLYRRYRSEGVTVLAITLDKNSENKIKSFVDEYGLSFPILL-DEKGEV----ERLYPSMTIPFTYIIDRQGRIVARVDGAKNAESSETFEAIEYLLKK-----	0.901	0.229	4
63	---------CAPAKAVAARLQPLAKGQVAAFIPASDPAPLP--VLKDEAGKDISIDDYRPKVQLVNLAATACVPCREEMPALNGLQKSLGGDRFQVTTINLDNGDAAKPLAFLKENAIDALPLHHDASLSSFNALKKLGVAMGLPATVLVDGKGCMLGAMNGPAAADSDDAKALIKGALGEGA---	0.880	0.443	4
64	---------------------PPRTG-MEQFTVNEEPGPAPDVKFTNGAGEKITLADFKGRVVLVNFAATACAPCIKEMPSLDKLQAKLGGDDFQVVAVNEDRGGAKIAGPFLKKLGTPNLAIFVDDKMKL---LMRAFKVRGMPTSFLLNREGRVVGKLAGIAEADTPEAVALI-----------	0.876	0.335	4
65	------------------------------LVMRAQPLPLPDLRVLDGKGRPVDLSSFRGKMVLLNIAATACPPCREEMPSLDRLQAQLGGDDFQVVALSMDAGAKDQVKSFYASEGIKHLAVFLDADAAAIFTLKAV-KA-GVPTTLLLDRQGRELGRMSGTAEADSPRIVKALRALLG------	0.876	0.337	5
66	----------------------LATGELAAFLVNAAPLDLPQIKFKLASGKEIDLSHFKGKTILVNLAATACGPCRHEMPTLDKLQAQLGSDKFEVVTLNVDRKSTAGAEAFFSEIGIKNLSLYADPSTKAMRNLRA--RARGLPMTMLVNTDGKEVGRIFGPADASSEEAINLIQAEI-------	0.906	0.378	5
67	----------------------LLTGEMADFVYAFPPRGAPDIAF-LHDGREMTLADFRGRAVLVNFAATACAPCLKELPSLDALEGALGGRKFEVVAIAADPRGPEVAREFLDRLKIEHLKLYADPDLALA--VIATGGANVLPVSILYDAKGREIGRLVGEADASSPEARRLVKSAL-------	0.766	0.360	12
68	-----------------------AKGFFAHMRFADTPYDMNQLSFKDIQGKDHKLSEFTGKPMLINLAAIACAPCRTEMPELAQLKRELGGENFDVIAINIDKASPEKIQQFLQDVHADNLLYYRDETMNIFNNVRKQGLALGLPITLLIDKNGYLIASFNGAAPAANDDAKALIKAVIKEA----	0.851	0.371	37
69	------------------------------FSFLDQPADLPDIGFVDGDGRALSLRDFRGRPILLNIAATACVPCRKEMPSLDRLQAKFDPSRFLVLTLSIDHRGIPAVKQFYQELGLKSLGIYVDQSGAALGLL----GAPGLPTTLLLNEQGQEIGRKIGPAEADSPASIALLRQ---------	0.836	0.349	7
80	-------------VAGTDALFTLAEGDLAALQLHGEPRAVPDTAVTDASGKAVKLSDYRGKYVLLNFAALACAPCVKEMPSLDRLDAALGGAKFEVVTITTGRNARPAVDKFFVKKEITHLPKLFDPKMALMKAI----GGSSLPLTVLIGPDGREVARFNGDAEADSPTAQAMLR----------	0.855	0.360	4
70	-RICKGLPLCLGTVGAAADLPPLSH----RLTVIEDPAPAPPLRLEDIDGVEHDIADLKGRLVLVNFAATACPPCRREMPSMERLYQQLNARGLTVLAVDVG-EDVDTVFAFTGQLPPPTFPLLLDTDSSAAQD----ADVKGLPTSFVVDPEGRVIIRAVGGTEFDDAAAIEQLLPFLQKP----	0.953	0.310	4
71	----------------AQAIDDARVGEVAGV-LASDPQDLSDLVFNGPDGAAMTLADFSGKTVLLNLAATACVPCREEMPALNQLQTTRGGEDFEVVAVNIDTGSLDKPREFLEEISVTALPLYYDSSTDVFQEMKKRGLALGLPATAIVDAEGCLRAQINGPAEAASDEAVRMVD----------	0.909	0.435	4
72	-------------------LSQYAVGAMANFTLSPEKPPAPVITFRDEKGEKHSLGDFAGKVVLVNFAATACGPCRREMADLDHLQRRLGGHRFGVLAISSDRKGMAVVKKFYDENKIQHLDAYIDKTTKA----QRAFRAYGLPTSVLVDDQGREVGRLVGSAEAASDEALSLIKGVVAEA----	0.878	0.366	4
95	---------------TPGPLDSFATGEMSGFRTVSEPPEQPRNTLLTGEGDEITLADKRGKILLVNFAATACAPCVVEMPYLDELQGRYGSDDFEVVAISMD-RRIEDAAAFYEENELDHLNLYHDQGFSAAFAVAA--GARGLPLTILYDRNGGEIGRLDGEAEAASEDAFALIEAAL-------	0.800	0.367	7
73	-------------------------GGLAGLKVAGPGSPA-LLAFVDGEGHPARLADFRGQVVLVNLAATACLPCRHEMPALDRLQAKLGGPDFQVVALSVDRGGAAVVRRFYETAGVRHLSVFLDSAGAVLPQVEA----AGLPTTLLFDRDGHEIGRFVGPAEADGPRIEAILRNAIA------	0.875	0.351	4
74	----------------------LLTGEMQNFAPYDAPRPFKDFTFLNAEGEEERLSDYRGKVILVNFAATACAPCRKEMPSLDRLQGELGGDDFVVLAIGQDLQGMEKVTGFFEKLKIRNLAPLNDKTVKSGRS----AGVFGLPASILLNAKGEEVGRLVGPAEADAPEAKALI-----------	0.898	0.347	6
75	-----------------------AVGQLAAILATGTGRGYADLEYLDEAGEPATLADFSGKALLVNFAATACGPCREEMPALDTLSARYGGDDFAVLTINLDLGDEDKARAFLDEGGLENLPLLADPTFAAFERLKANGVALGLPATLLLDGEGCELAVLQGPAEAASDAAFSMIDKLI-------	0.824	0.360	5
76	------------AVSTAGE-VPESVG-PQGFLIEESPRTLPELAFEDEKGRPLTLADFKGKAILLNIAATACAPCREEMPTLDSLQAKLGGEQFEVVALSIDHAGISVVEKFYRETGIQHLRQYIDPSTLATSTL----GIEGVPTTLLIDHDGREIGRLVGATE-DSPAMVDLITRAIA--P---	0.846	0.358	7
77	------------------KIEPLLTGDIAAMAVRDSADDLSELTFNGPDGEPMKMSDTNGKYRLVNLAATACAPCRHEMPSLDALQKAKGSDKFEVIAISVDGGGEEKPRAFYDEIGLKNLAFYHDPSINVFNTLKKKSLALGLPVTLLLDENSRVIANMNGPAEAASTDALRLIDTLL-------	0.948	0.419	4
78	-------------------PLPAFQGESRPFPSPDRPA-LPALTVNDADGKPIALDGLKGKVLLVNLAATACAPCIKEMPSLDKLQGELGGDRFQVVAISVDRAGINVVKPFFEKAGIQHLPVYLDQKMTSMKAFPIK---EGLPLTILVDAKGNEVGRLAGGAHADSEEAKALIRKVMAE-----	0.884	0.371	5
79	-------------------------GRMERMYMTRSGKVMGDFSSKTPEGKKVSLADYRGKYVLLDFAASACGPCRGLIPKMKKLYEKYHATGFDILGVSKD-EDRGKALKALEEEGMAANNIL--AKEASLEDPSQFESVTGLPQMVVVDPEGNIVLSVSGADNIDM-QVIETLESVLGK-----	0.928	0.211	4
81	--AETG-SGCTANSGKIDKLKQSADGFFKNMRFADEPYDATKLTFKDETGKDHRLAEFSGKTLLVNLAASACVPCRTEMPELANLKRSLGNDAFDVMAINIDTASDEKVKDFLKSIKADNIVFYRDQSMDVFNEVRKQGLAMGLPITMLIDKNGCLLGSYNGSAPASNADSEKLMKAA--------	0.908	0.382	6
82	--------------------APFAAGPLKGLEIAKDPVPQPPNSFAGPDGAPTQLSAFHGKVVLVNLAATACAPCVTEMPTLAGLQKAMGDKDFKVVAISVDKNEAEAAKKELAELSKGSLTFYHDPKMAIVYPLKA----RGFPTSILYDRQGKELARLAGEADANSPEARALIQAA--------	0.907	0.378	4
83	------------------------------MVEHQKPLPMPPIT--DGAGRSLTLAAFRGRTVLLNIAATACPPCRAEMPTLDRLQARLGGPEFHVLALSIDKGGFDAVRAFYAEIGITHLDLYAD--ANQLRGMMA-FGVVGLPTTLLVDPQGREVARKIGPAAADSPAAISQIQRVI-------	0.875	0.332	4
84	-----GDPESSHEIAGAAYGDPPGLGENRDFTARAKPTRIPPYEFARIDGDAVSLADFHGKVVLVNVAATACPPCVAEMPALDNLQMLRGGEDFAVVALSVDSQGPSVVTAFLKKHGLKNLPPYI---GKGRETF-DHFGMSELPTTFLLGRDGSVAGVIAGPAEADGATALKLIDYAIGLQPGP-	0.909	0.364	4
85	------------------------------FTLGGDPVPLPPF--KDGEGRNLMLSDFAGRVVLLNIAASACPPCREEMPALDALQRKLGGPDFAVVPISIDTGGIDTARRFYREIGIRDLGLYAGEDLRVQLAFAA----FGLPTTMLINRKGQESARIFGPAKADMPVAIAQIESVI-------	0.884	0.324	4
99	---------------------------------LSKGNPAPDFTGLTPDGKKIALSDLKGKIVYVDIAATACAPCREELPKAKEIHNRFSNEKVAFLYVSID-AETDKAKNFLKADNFKGLHINISNQEQVGGKLYKSYQMAGVPTYLLIDQDGKI-ATAPAPRP-SSGKVQDEIRALLK------	0.885	0.271	4
86	------------------PLAQHARGELAKLDFASAGDAAPAAAAFAADGTPVTLDAFKGKTVLVNYAATACAPCEREMPSLGALQKARGGDAFEVVAISVDAEDKAYAAQRLGELGAANIPFHIAPPEEN-EELEEASGVKGFPTSILYGPDGKEIARLAGDADAASFEAIGFIDALLAKA----	0.814	0.353	4
87	SRLIGGLAAALAAPALPARAAPSLRQGGSQFVALEPRRQMPALTLTDVRGRRHTLAD--GRVHLLNFAASACPPCREEMPRLEAFVRTIDAQRLNVAAISFDRDGTKAVAPFLKRHGIEKLPVFVDPEGDVANRKGAPFALYGMPITYLVDRGGDIVGYISGAVDALQPDAEAFL-----------	0.905	0.292	4
88	--------------------KDIIKGELRKFIFSDDGEKLPKPIVLDIDENVVEIGS-NDDILVINFAATACAPCKKEMPSLNNLAENMKFDDVRIITVASGRNSKEAIEAFFSDNNLANLNKFRDPKGK----IAMIYGVTALPTTVVIDPSGKEIGRIIGDIDANTENIRTFFRNLL-------	0.871	0.247	4
90	--------------------------------IVKVGQQAPDIEFIFTDGKKVHTADLKGKVIMLQFTASACGVCRKEMPHIEKIALKYKNPNFALFGIDFD-EPKEKVKKFAKDIKITYP-LALDPEGEIFYKFAA--QGAGVTRNVIIDKTGKIVFMTRLYKEDEFEEMVKVIDELL-------	0.832	0.219	4
89	-------------VAGMTPRKPLAAGIDTDLLLLESPQPLSGQTITDRDGIEHSLEDFRGRPTIVHLAATACGPCITELPALARLIPSLTASGIAAVPVSVDHRGPEVVLPFLKKLHMEFPSFY-DTRRAIPASLEE----TSLPLTLFLNAQAELVCRHAGPLLANTPDAAAILLRL--------	0.916	0.278	4
91	-----GLPLTMAL-SDAQAEQP--AQAPPGFAMHETPQPLPDIQFENGQGEAMSLADFRGKVVLLNIAATACAPCRREMPTLDRLQAALGGPDFEVVALSIDRQGRPVVEDFYRELGLRQLGMYIDASGKAPRDL----NALGVPTTLLIDRQGKEVGRLLGPAEADSPEMVSFIRGQIQRPSGA-	0.823	0.384	5
92	-RLPPGEPLPLAVSAPQDSPAPSRV-AAFDFQPLDQPRELPDLGFVDGDGRAIALADFRGRVVLLNLAATACVPCRREMPALDRLQAKLGGAEFIVLPLSIDRGGLPPVKRFYEELGLAALGVFVDQSGTAMGKLA----TTGVPTTLLIDRDGREIGRLLGAAE-DSPEAIALIRRYLNSPSGG-	0.843	0.395	5
93	-------------------PAPTAAAV-GELFTATEPKPVPELRFVDGAGRPRTLADFRGKAVLLNLAATACVPCRKEMPALDRLQARLGGPDFEVVALSIDKKGLPAVQAFYAELGLKALAIYVDDSGSAAGAV----GAPGIPTTLLVDAQGNEIGRAVGPKEADAPAAVAEIEQRIGRAPGP-	0.801	0.375	7
96	--APAGPSLCAASDAVIGRVKEAEKGAVAAAASPKQAQPMTSLDFLGPQGEPTSLEAFRGRVTLVNLAATACVPCREEMPALDRLQAKLGSGDFEVVAINVDTARLERAKDFLKDIAVKNLAFYSDPKADVFYRLRTAGKVVGLPTTFLVGRDGCEIAVMAGPADAASADAIALIRA---------	0.878	0.462	4
97	---------CAATLADAARLKPFAKGDVAAFTPAERRRDLSALAF-GAAGEPTTIAAAKGRVVLLNLAATACVPCRKEMPALDRLQGKLGSPDFEVVALNLDTRDPERAKKFLADIGVAALAAYADPSLASMKALQKLGLVTGLPTTILVDRQGCELGTMAGPAEADRADAEALIAAALK------	0.858	0.455	4
98	-------------------PQGLTAGAMKRFVFHDQAIPATTAIFHDADGNEVSFSDFKGKVILVNFAATACAPCIKEMPDLNELQKSLGGENFEVVLISENLDGIESSLDFIKDNNITNLDTYIDDNRNVARTL----KTNALPTSFLIDADGFEVGRLIGPAEANSGDAKALI-----------	0.885	0.339	4
